Std.1 Kick1 ,[88]Std 1 Kick 1,,,,,,,Std.1 Kick1 ,Elec Kick 2 ,Elec Kick 2 ,Elec.K2 ,,Elec Kick 2 ,,,[88]Std 1 Kick 1,,,,,,,,[88]Elec Kick 2,[88]Elec Kick 2,Elec Kick 2 ,[88]Elec Kick 2,[88]Elec Kick 2,[88]Elec Kick 2,[88]Elec Kick 2,,Std.1 Kick1 ,,,,,,,,[88]Std 1 Kick 1,Std.1 Kick1 ,,,,,,,[88]Std 1 Kick 1,,,,,,,,,,,,,,
Std.1 Kick2 ,[88]Std 1 Kick 2,,,,,,,Std.1 Kick2 ,Elec Kick 1 ,Elec Kick 1 ,Elec.K1 ,,Elec Kick 1 ,,,[88]Std 1 Kick 2,,,,,,,,[88]Elec Kick 1,[88]Elec Kick 1,Elec Kick 1 ,[88]Elec Kick 1,[88]Elec Kick 1,[88]Elec Kick 1,[88]Elec Kick 1,,Std.1 Kick2 ,,,,,,,,[88]Std 1 Kick 2,Std.1 Kick2 ,,,,,,,[88]Std 1 Kick 2,,,,,,,,,,,,,,
Std.2 Kick1 ,[88]Std 2 Kick 1,,,,,,,Std.2 Kick1 ,CR78 BD 1   ,CR78 BD 1   ,CR-78K1 ,,CR78 BD 1   ,,,[88]Std 2 Kick 1,,,,,,,,CR-78 Kick 1,CR-78 Kick 1,CR78 BD 1   ,CR-78 Kick 1,CR-78 Kick 1,CR-78 Kick 1,CR-78 Kick 1,,Std.2 Kick1 ,,,,,,,,[88]Std 2 Kick 1,Std.2 Kick1 ,,,,,,,[88]Std 2 Kick 1,,,,,,,,,,,,,,
Std2 Kick2  ,[88]Std 2 Kick 2,,,,,,,Std2 Kick2  ,CR78 BD 2   ,CR78 BD 2   ,CR-78K2 ,,CR78 BD 2   ,,,[88]Std 2 Kick 2,,,,,,,,CR-78 Kick 2,CR-78 Kick 2,CR78 BD 2   ,CR-78 Kick 2,CR-78 Kick 2,CR-78 Kick 2,CR-78 Kick 2,,Std2 Kick2  ,,,,,,,,[88]Std 2 Kick 2,Std2 Kick2  ,,,,,,,[88]Std 2 Kick 2,,,,,,,,,,,,,,
Kick 1      ,[55]Kick Drum 1,,,,,,,Kick 1      ,TR-606 BD1  ,TR-606 BD1  ,606 K1  ,,TR-606 BD1  ,,,[55]Kick Drum 1,,,,,,,,TR-606 Kick1,TR-606 Kick1,TR-606 BD1  ,TR-606 Kick1,TR-606 Kick1,TR-606 Kick1,TR-606 Kick1,,Kick 1      ,,,,,,,,[55]Kick Drum 1,Kick 1      ,,,,,,,[55]Kick Drum 1,,,,,,,,,,,,,,
Kick 2      ,[55]Kick Drum 2,,,,,,,Kick 2      ,TR-707 BD   ,TR-707 BD   ,707 K1  ,,TR-707 BD   ,,,[55]Kick Drum 2,,,,,,,,TR-707 Kick 1,TR-707 Kick 1,TR-707 BD   ,TR-707 Kick 1,TR-707 Kick 1,TR-707 Kick 1,TR-707 Kick 1,,Kick 2      ,,,,,,,,[55]Kick Drum 2,Kick 2      ,,,,,,,[55]Kick Drum 2,,,,,,,,,,,,,,
Jazz Kick 1 ,[88]Jazz Kick 1,,,,,,,Jazz Kick 1 ,808 Kick    ,808 Kick    ,808 BD  ,,808 Kick    ,,,[88]Jazz Kick 1,,,,,,,,[55]TR-808 Kick,[55]TR-808 Kick,808 Kick    ,[55]TR-808 Kick,[55]TR-808 Kick,[55]TR-808 Kick,[55]TR-808 Kick,,Jazz Kick 1 ,,,,,,,,[88]Jazz Kick 1,Jazz Kick 1 ,,,,,,,[88]Jazz Kick 1,,,,,,,,,,,,,,
Jazz Kick 2 ,[88]Jazz Kick 2,,,,,,,Jazz Kick 2 ,TR-808 Kick ,TR-808 Kick ,808 BD  ,,TR-808 Kick ,,,[88]Jazz Kick 2,,,,,,,,[88]TR-808 Kick,[88]TR-808 Kick,TR-808 Kick ,[88]TR-808 Kick,[88]TR-808 Kick,[88]TR-808 Kick,[88]TR-808 Kick,,Jazz Kick 2 ,,,,,,,,[88]Jazz Kick 2,Jazz Kick 2 ,,,,,,,[88]Jazz Kick 2,,,,,,,,,,,,,,
Room Kick 1 ,[88]Room Kick 1,,,,,,,Room Kick 1 ,808 BD      ,808 BD      ,808 K2  ,,808 BD      ,,,[88]Room Kick 1,,,,,,,,TR-808 Kick 2,TR-808 Kick 2,808 BD      ,TR-808 Kick 2,TR-808 Kick 2,TR-808 Kick 2,TR-808 Kick 2,,Room Kick 1 ,,,,,,,,[88]Room Kick 1,Room Kick 1 ,,,,,,,[88]Room Kick 1,,,,,,,,,,,,,,
Room Kick 2 ,[88]Room Kick 2,,,,,,,Room Kick 2 ,TR-909 Kick ,TR-909 Kick ,909 BD  ,,TR-909 Kick ,,,[88]Room Kick 2,,,,,,,,[88]TR-909 Kick,[88]TR-909 Kick,TR-909 Kick ,[88]TR-909 Kick,[88]TR-909 Kick,[88]TR-909 Kick,[88]TR-909 Kick,,Room Kick 2 ,,,,,,,,[88]Room Kick 2,Room Kick 2 ,,,,,,,[88]Room Kick 2,,,,,,,,,,,,,,
Power Kick1 ,[88]Power Kick 1,,,,,,,Power Kick1 ,Dance Kick 2,Dance Kick 2,Dance K ,,Dance Kick 2,,,[88]Power Kick 1,,,,,,,,[88]Dance Kick,[88]Dance Kick,Dance Kick 2,[88]Dance Kick,[88]Dance Kick,[88]Dance Kick,[88]Dance Kick,,Power Kick1 ,,,,,,,,[88]Power Kick 1,Power Kick1 ,,,,,,,[88]Power Kick 1,,,,,,,,,,,,,,
Power Kick2 ,[88]Power Kick 2,,,,,,,Power Kick2 ,909 Comp BD ,909 Comp BD ,HipHopK2,,909 Comp BD ,,,[88]Power Kick 2,,,,,,,,Hip-Hop Kick 2,Hip-Hop Kick 2,909 Comp BD ,Hip-Hop Kick 2,Hip-Hop Kick 2,Hip-Hop Kick 2,Hip-Hop Kick 2,,Power Kick2 ,,,,,,,,[88]Power Kick 2,Power Kick2 ,,,,,,,[88]Power Kick 2,,,,,,,,,,,,,,
Elec Kick 2 ,[88]Elec Kick 2,,,,,,,Elec Kick 2 ,TR-909 BD2  ,TR-909 BD2  ,909 K1  ,,TR-909 BD2  ,,,[88]Elec Kick 2,,,,,,,,TR-909 Kick 1,TR-909 Kick 1,TR-909 BD2  ,TR-909 Kick 1,TR-909 Kick 1,TR-909 Kick 1,TR-909 Kick 1,,Elec Kick 2 ,,,,,,,,[88]Elec Kick 2,Elec Kick 2 ,,,,,,,[88]Elec Kick 2,,,,,,,,,,,,,,
Elec Kick 1 ,[88]Elec Kick 1,,,,,,,Elec Kick 1 ,HipHop BD2  ,HipHop BD2  ,HipHopK3,,HipHop BD2  ,,,[88]Elec Kick 1,,,,,,,,Hip-Hop Kick 3,Hip-Hop Kick 3,HipHop BD2  ,Hip-Hop Kick 3,Hip-Hop Kick 3,Hip-Hop Kick 3,Hip-Hop Kick 3,,Elec Kick 1 ,,,,,,,,[88]Elec Kick 1,Elec Kick 1 ,,,,,,,[88]Elec Kick 1,,,,,,,,,,,,,,
TR-808 Kick ,[88]TR-808 Kick,,,,,,,TR-808 Kick ,JungleBD Set,JungleBD Set,JungleK1,,JungleBD Set,,,[88]TR-808 Kick,,,,,,,,Jungle Kick 1,Jungle Kick 1,JungleBD Set,Jungle Kick 1,Jungle Kick 1,Jungle Kick 1,Jungle Kick 1,,TR-808 Kick ,,,,,,,,[88]TR-808 Kick,TR-808 Kick ,,,,,,,[88]TR-808 Kick,,,,,,,,,,,,,,
TR-909 Kick ,[88]TR-909 Kick,,,,,,,TR-909 Kick ,Techno BD1  ,Techno BD1  ,TechnoK1,,Techno BD1  ,,,[88]TR-909 Kick,,,,,,,,Techno Kick 1,Techno Kick 1,Techno BD1  ,Techno Kick 1,Techno Kick 1,Techno Kick 1,Techno Kick 1,,TR-909 Kick ,,,,,,,,[88]TR-909 Kick,TR-909 Kick ,,,,,,,[88]TR-909 Kick,,,,,,,,,,,,,,
Dance Kick 2,[88]Dance Kick,,,,,,,Dance Kick 2,Bounce      ,Bounce      ,Bounce K,,Bounce      ,,,[88]Dance Kick,,,,,,,,Bounce Kick,Bounce Kick,Bounce      ,Bounce Kick,Bounce Kick,Bounce Kick,Bounce Kick,,Dance Kick 2,,,,,,,,[88]Dance Kick,Dance Kick 2,,,,,,,[88]Dance Kick,,,,,,,,,,,,,,
Voice One,Voice One,Voice One,,,,,,Voice One,Voice One,Voice One,,,Voice One,,,Voice One,,,,,,,,Voice One,Voice One,Voice One,Voice One,Voice One,Voice One,Voice One,,Voice One,Voice One,,,,,,,Voice One,Voice One,Voice One,,,,,,Voice One,,,,,,,,,,,R Bs Mute NZ,,,
Voice Two,Voice Two,Voice Two,,,,,,Voice Two,Voice Two,Voice Two,,,Voice Two,,,Voice Two,,,,,,,,Voice Two,Voice Two,Voice Two,Voice Two,Voice Two,Voice Two,Voice Two,,Voice Two,Voice Two,,,,,,,Voice Two,Voice Two,Voice Two,,,,,,Voice Two,,,,,,,,,,,R Bs StQuail,,,
Voice Three,Voice Three,Voice Three,,,,,,Voice Three,Voice Three,Voice Three,,,Voice Three,,,Voice Three,,,,,,,,Voice Three,Voice Three,Voice Three,Voice Three,Voice Three,Voice Three,Voice Three,,Voice Three,Voice Three,,,,,,,Voice Three,Voice Three,Voice Three,,,,,,Voice Three,,,,,,,,,,,R Bs Atk NZ ,,,
85Rm BsDrum1,,,,,,,,85St BsDrum1,Jngl BD     ,HipHop BD 2 ,909 BD1     ,,Fat BD      ,,,,,,,,,,,,,909 BD      ,,,,,,85Br BsDrum1,,,,,,,,,85Jz BsDrum1,,,,,,,,,,,,,,,,,,R ClnGtCutUp ,,,
85Rm BsDrum2,,,,,,,,85St BsDrum2,Jngl BD 2   ,HipHop BD   ,Fat BD,,Dance BD,,,,,,,,,,,,,909 BD 2    ,,,,,,85Br BsDrum2,,,,,,,,,85Jz BsDrum2,,,,,,,,,,,,,,,MC-500 Beep 1,,,R ClnGtCutDn ,,,
MC-500 Beep,MC-500 Beep 1,MC-500 Beep,,,,,,MC-500 Beep,MC-500 Beep,MC-500 Beep,,,MC-500 Beep,,,MC-500 Beep 1,,,,,,,,MC-500 Beep 1,MC-500 Beep 1,MC-500 Beep,MC-500 Beep 1,MC-500 Beep 1,MC-500 Beep 1,MC-500 Beep 1,,MC-500 Beep,MC-500 Beep,,,,,,,MC-500 Beep 1,MC-500 Beep,MC-500 Beep,,,,,,MC-500 Beep 1,,,,,,,,MC-500 Beep 2,,,R ClnGtrMtUp,,,
MC-500 Beep,MC-500 Beep 2,MC-500 Beep,,,,,,MC-500 Beep,MC-500 Beep,MC-500 Beep,,,MC-500 Beep,,,MC-500 Beep 2,,,,,,,,MC-500 Beep 2,MC-500 Beep 2,MC-500 Beep,MC-500 Beep 2,MC-500 Beep 2,MC-500 Beep 2,MC-500 Beep 2,,MC-500 Beep,MC-500 Beep,,,,,,,MC-500 Beep 2,MC-500 Beep,MC-500 Beep,,,,,,MC-500 Beep 2,,,,,,,,Guitar Slide,,,R ClnGtrMtDn,,,
Concert Snr,Concert SD,Concert Snr,,,,,,Concert Snr,Concert Snr,Concert Snr,,,Concert Snr,,,Concert SD,,,,,,,,Concert SD,Concert SD,Concert Snr,Concert SD,Concert SD,Concert SD,Concert SD,,Concert Snr,Concert Snr,,,,,,,Concert SD,Concert Snr,Concert Snr,,,,,,Concert SD,,,,,,,,Guitar Wah,,,R DstGtCutUp ,,,
Snare Roll  ,Snare Roll,Snare Roll  ,,,,,,Snare Roll  ,Snare Roll  ,Snare Roll  ,,,Snare Roll  ,,,Snare Roll,,,,,,,,Snare Roll,Snare Roll,Snare Roll  ,Snare Roll,Snare Roll,Snare Roll,Snare Roll,,Snare Roll  ,Snare Roll  ,,,,,,,Snare Roll,Snare Roll  ,Snare Roll  ,,,,,,Snare Roll,Finger Snap,CR-78 Kick 1,CR-78 K1,Gamelan Gong,,,,Guitar Slap,,,R DstGtr Dn ,,,
FingerSnaps2,Finger Snap,FingerSnaps2,,,,,,Finger Snap ,FingerSnaps2,FingerSnaps2,,FingSnap,FingerSnaps2,,,Finger Snap 2,,,,,,,,Finger Snap,Finger Snap 2,Finger Snap ,Finger Snap 2,Finger Snap 2,Finger Snap 2,Finger Snap 2,,Finger Snap ,Finger Snap ,,,,,,,Finger Snap,Finger Snap ,Finger Snap ,,,,,,Finger Snap,Tambourine,CR-78 Kick 2,CR-78 K2,Gamelan Gong,,,,Chord Stroke Down,,,R DstGtrSgdn,,,
High-Q      ,High Q,High-Q      ,,,,,,High-Q      ,High-Q      ,High-Q      ,,,High-Q      ,,,High Q,,,,,,,,High Q,High Q,High-Q      ,High Q,High Q,High Q,High Q,,High-Q      ,High-Q      ,,,,,,,High Q,High-Q      ,High-Q      ,,,,,,Closed Hi-Hat 2,Castanets,TR-606 Kick1,606 BD  ,Gamelan Gong,,,,Chord Stroke Up,,,R DstGtrMute,,,
Slap        ,Slap,Slap        ,,,,,,Slap        ,Slap        ,Slap        ,,,Slap        ,,,Slap,,,,,,,,Slap,Slap,Slap        ,Slap,Slap,Slap,Slap,,Slap        ,Slap        ,,,,,,,Slap,Slap        ,Slap        ,,,,,,Pedal Hi-Hat,Crash Cymbal 1,TR-707 Kick,707 BD  ,Gamelan Gong,,,,Biwa,,,R SlGtrSdNz1,,,
ScratchPush,Scratch Push,ScratchPush,,,,,,ScratchPush,Scrtch Push2,Scrtch Push2,Sc.Push2,,Scrtch Push2,,,Scratch Push,,,,,,,,Scratch Push 2,Scratch Push 2,Scrtch Push2,Scratch Push 2,Scratch Push 2,Scratch Push 2,Scratch Push 2,,ScratchPush,ScratchPush,,,,,,,Scratch Push,ScratchPush,ScratchPush,,,,,,Open Hi-Hat 2,Snare Roll,TR-808 Kick,808 K1  ,Gamelan Gong,,,,Phonograph Noise,,,R SlGtrSdNz2,,,
ScratchPull,Scratch Pull,ScratchPull,,,,,,ScratchPull,Scrtch Pull2,Scrtch Pull2,Sc.Pull2,,Scrtch Pull2,,,Scratch Pull,,,,,,,,Scratch Pull 2,Scratch Pull 2,Scrtch Pull2,Scratch Pull 2,Scratch Pull 2,Scratch Pull 2,Scratch Pull 2,,ScratchPull,ScratchPull,,,,,,,Scratch Pull,ScratchPull,ScratchPull,,,,,,Ride Cymbal 1,Concert SD,Hip-Hop Kick 2,909 K1  ,Gamelan Gong,,,,Tape Rewind,,,R SlGtrSdNz3,,,
Sticks      ,Sticks,Sticks      ,,,,,,Sticks      ,Sticks      ,Sticks      ,,,Sticks      ,,,Sticks,,,,,,,,Sticks,Sticks,Sticks      ,Sticks,Sticks,Sticks,Sticks,,Sticks      ,Sticks      ,,,,,,,Sticks,Sticks      ,Sticks      ,,,,,,Sticks,Concert Cymbal,TR-909 Kick 1,909 K2  ,Gamelan Gong,,,,Scratch Push 2,,,R SlGtrSdNz4,A.Bs.Mute Nz,,
SquareClick,Square Click,SquareClick,,,,,,SquareClick,SquareClick,SquareClick,,,SquareClick,,,Square Click,,,,,,,,Square Click,Square Click,SquareClick,Square Click,Square Click,Square Click,Square Click,,SquareClick,SquareClick,,,,,,,Square Click,SquareClick,SquareClick,,,,,,Square Click,Concert BD 1,Hip-Hop Kick 3,HipHopK2,Gamelan Gong,Reverse Open Hi-Hat,,,Scratch Pull 2,,,R SlGtrStkSD,A.Bs.TouchNz,,revS ClsHat 
Mtrnm.Click,Metronome Click,Mtrnm.Click,,,,,,Mtrnm.Click,Mtrnm.Click,Mtrnm.Click,,,Mtrnm.Click,,,Metronome Click,,,,,,,,Metronome Click,Metronome Click,Mtrnm.Click,Metronome Click,Metronome Click,Metronome Click,Metronome Click,,Mtrnm.Click,Mtrnm.Click,,,,,,,Metronome Click,Mtrnm.Click,Mtrnm.Click,,,,,,Metronome Click,Jingle Bell,Hip-Hop Kick 1,HipHopK1,Gamelan Gong,Reverse Closed Hi-Hat 1,,,Cutting Noise 2 Up,,,R SlGtrStkU1,A.Bs.AtackNz,,revR ClsHat 
Mtrnm. Bell ,Metronome Bell,Mtrnm. Bell ,,,,,,Mtrnm. Bell ,Mtrnm. Bell ,Mtrnm. Bell ,,,Mtrnm. Bell ,,,Metronome Bell,,,,,,,,Metronome Bell,Metronome Bell,Mtrnm. Bell ,Metronome Bell,Metronome Bell,Metronome Bell,Metronome Bell,,Mtrnm. Bell ,Mtrnm. Bell ,,,,,,,Metronome Bell,Mtrnm. Bell ,Mtrnm. Bell ,,,,,,Metronome Bell,Bell Tree,Jungle Kick 2,JungleK2,Gamelan Gong,Reverse Closed Hi-Hat 2,,,Cutting Noise 2 Down,,,R SlGtrStkD1,DstGT.MuteNz,,revJ ClsHat 
85St BsDrum1,Standard 2 Kick 2,85StBsDrum1B,,,,,,85Rm BsDrum1,HipHop BD 2 ,Jngl BD     ,808 BD      ,RND RmK2,909 BD      ,,,Power Kick 2,,,,,,,,Electric Kick 2,TR-808 Kick 2,Fat BD      ,CR-78 Kick 2,CR-78 Kick 2,TR-707 Kick 2,Techno Kick 2,,85Jz BsDrum1,85JzBsDrum1B,,,,,,,Jazz Kick 2,85Br BsDrum1,85BrBsDrum1B,,,,,,Jazz Kick 1,Bar Chimes,Jungle Kick 1,JungleK1,Gender      ,Jungle Hi-Hat,,,Distortion Guitar Cutti,,,R SlGtrStkU2,StlGt.SldNz1,,revB ClsHat 
85St BsDrum2,Standard 2 Kick 1,85StBsDrum2B,,,,,,85Rm BsDrum2,HipHop BD   ,Jngl BD 2   ,909 BD2    ,RND RmK1,909 BD 2    ,,,Power Kick 1,,,,,,,,Electric Kick 1,TR-808 Kick 1,Dance BD    ,CR-78 Kick 1,TR-606 Kick 1,TR-707 Kick 1,TR-909 Kick 1,,85Jz BsDrum2,85JzBsDrum2B,,,,,,,Jazz Kick 1,85Br BsDrum2,85BrBsDrum2B,,,,,,Concert BD 1,Wadaiko,Techno Kick 2,TechnoK2,Gender      ,[55]Closed Hi-Hat,KendngWd,KendngWd,Distortion Guitar Cutti,Reverse Kick 1,Reverse TR-707 Kick 1,R SlGtrStkD2,StlGt.SldNz2,R Brth Slow,85St ClsHat 
Side Stick  ,Side Stick,Side Stick  ,,,,,,Side Stick  ,808 Rimshot ,Jngl SD Rim ,909 SDRm,,House SD Rim,,,Side Stick,,,,,,,,Side Stick,TR-808 Rim Shot,Dance SD Rim,CR-78 Rim Shot,CR-78 Rim Shot,TR-707 Rim Shot,TR-909 Rim,,Side Stick  ,Side Stick  ,,,,,,,Side Stick,Side Stick  ,Side Stick  ,,,,,,Side Stick,Wadaiko Rim,Techno KicK 1,TechnoK1,Gender      ,[88]Closed Hi-Hat 2,KendngLn,KendngLn,Bass Slide,Reverse Concert BD1,Reverse TR-909 Kick 1,R Tbone NZ  ,StlGt.SldNz3,R Brth Short,85Rm ClsHat 
85St Snare2 ,Standard 2 Snare 1,85StSnare2B,,,,,,85Rm Snare2 ,LoFi SD 1   ,HipHop SD 1 ,606 SD2,RND RmS1,House SD    ,,,Power Snare 1,,,,,,,,Electric Snare 1,TR-808 Snare 1,Dance SD    ,CR-78 Snare 1,TR-606 Snare 1,TR-707 Snare 1,TR-909 Snare 1,,85Jz Snare1 ,85JzSnare1B,,,,,,,Brush Snare 1,85Br Snare1 ,85BrSnare1B,,,,,,Concert SD,Shime Taiko,Standard 1 Kick 2,Std.1 K2,Gender      ,[88]Closed Hi-Hat 3,Bebarngn,Bebarngn,Pick Scrape,Reverse Power Kick1,Reverse Hip-Hop Kick 1,R Tpet NZ   ,StlGt.SldNz4,R BrthStrong,85Jz ClsHat 
909 HandClap,TR-808 Hand Clap,909 HandClap,,,,,,808clap     ,707 Claps   ,R&B Claps,909 Clap,HandClap,909 Claps   ,,,TR-808 Hand Clap,,,,,,,,TR-808 Hand Clap,TR-808 Hand Clap,Comp Claps 2,TR-707 Hand Clap,TR-707 Hand Clap,TR-707 Hand Clap,Hand Clap,,Hand clap2  ,Hand clap2  ,,,,,,,Brush Slap,85Br Snare2 ,85BrSnare2B,,,,,,Castanets,Atarigane,Standard 1 Kick 1,Std.1 K1,Gender      ,Closed Hi-Hat 4,Pelegngn,Pelegngn,High Q,Reverse Electric Kick1,Reverse Jungle Kick 2,R St BsDrum1,Gt.StrokeNz1,R Woman Brth,85Br ClsHat 
85St Snare1 ,Standard 2 Snare 2,85StSnare1B,,,,,,85Rm Snare1 ,LoFi SD 2   ,Jngl SD     ,Tchno SD,RND RmS2,House SD    ,,,Power Snare 2,,,,,,,,Electric Snare 2,TR-808 Snare 2,Rock SD Dry ,CR-78 Snare 2,TR-606 Snare 2,TR-707 Snare 2,TR-909 Snare2,,85Jz Snare2 ,85JzSnare2B,,,,,,,Brush Snare 2,Brush Swirl ,Brush Swirl ,,,,,,Concert SD,Hyoushigi,[88]Std 1 Kick 1,Std1 K2,Bonang      ,Closed Hi-Hat,Kelontuk,Kelontuk,Slap,Reverse Snare 1,Reverse Techno Kick 2,R St BsDrum2,Gt.StrokeNz2,R Man's Brth,TR-707 HH-c 
85St Tom16  ,Low Tom 2,85StTom16B,,,,,,Room Tom 5  ,85Jz Tom16  ,909 Tom     ,606LTom2,R.LTom 2,909 Tom     ,,,Power Low Tom 2,,,,,,,,Electric Low Tom 2,TR-808 Low Tom 2,Synth Drum 2,CR-78 Low Tom 2,TR-606 Low Tom 2,TR-707 Low Tom 2,TR-909 Low Tom 2,,85Jz Tom16  ,85JzTom16B,,,,,,,Brush Low Tom 2,85Br Tom1   ,85BrTom1B,,,,,,Timpani F,Ohkawa,[88]Std 1 Kick 2,Std1 K1,Bonang      ,TR-707 Closed Hi-Hat,KelntkMt,KelntkMt,Scratch Push,Reverse Snare 2,Reverse TR-606 Snare 2,R Rm BsDrum1,Gt.StrokeNz3,R Voice One ,606 CH      
85St ClsHat ,Closed Hi-Hat 2,85StClsHatB,,,,,,85Rm ClsHat ,Room Chh    ,606 CH      ,707 CHH ,RND RCHH,TR-707 HH-c ,,,Closed Hi-Hat,,,,,,,,Closed Hi-Hat 2,TR-808 Closed Hi-Hat,CR-78 chh   ,CR-78 Closed Hi-Hat,TR-606 Closed Hi-Hat,TR-707 Closed Hi-Hat,TR-707 Closed Hi-Hat ,,85Jz ClsHat ,85JzClsHatB,,,,,,,Brush Closed Hi-Hat,85Br ClsHat ,85BrClsHatB,,,,,,Timpani F#,High Kotsuzumi,[88]Std 2 Kick 1,Brash K2,Bonang      ,TR-606 Closed Hi-Hat,KelntkSd,KelntkSd,Scratch Pull,Reverse Standard 1 SD1,Reverse CR-78 Snare 1,R Rm BsDrum2,Gt.StrokeNz4,R Voice Two ,TR-808 CHH  
85St Tom16  ,Low Tom 1,85StTom16B,,,,,,Room Tom 5  ,85Jz Tom16  ,909 Tom     ,606LTom1,R.LTom 1,909 Tom     ,,,Power Low Tom 1,,,,,,,,Electric Low Tom 1,TR-808 Low Tom 1,Synth Drum 2,CR-78 Low Tom 1,TR-606 Low Tom 1,TR-707 Low Tom 1,TR-909 Low Tom 1,,85Jz Tom16  ,85JzTom16B,,,,,,,Brush Low Tom 1,85Br Tom1   ,85BrTom1B,,,,,,Timpani G,Low Kotsuzumi,[88]Std 2 Kick 2,Brash K1,Bonang      ,[88]TR-808 Closed Hi-H,GongWadn,GongWadn,Sticks,Reverse Sanre Drum 2,Reverse CR-78 Snare 2,R Jz BsDrum1,Gt.StrokeNz5,R VoiceThree,CR-78 chh   
Pedal HiHat2,Pedal Hi-Hat 2,Pedal HiHat2,,,,,,Pedal HiHat ,Pedal HiHat ,Jungle HH  ,CR-78CHH,P.Hi-Hat,CR-78 chh   ,,,Pedal Hi-Hat,,,,,,,,Pedal Hi-Hat 2,TR-808 Closed Hi-Hat 2,808__chh    ,TR-606 Closed Hi-Hat,TR-606 Closed Hi-Hat,TR-707 Closed Hi-Hat,TR-707 Closed Hi-Hat ,,Pedal HiHat ,Pedal HiHat ,,,,,,,Pedal Hi-Hat,Pedal HiHat ,Pedal HiHat ,,,,,,Timpani G#,Ban Gu,[55]Kick Drum 1,Jazz K2,Bonang      ,TR-808 Closed Hi-Hat,GongLang,GongLang,Square Click,Reverse Tight Snare,Reverse Jungle Snare 2,R Jz BsDrum2,Open CD Tray,R Voice Tah ,GS Pedal HH 
85St Tom12  ,Mid Tom 2,85StTom12B,,,,,,Room Tom 2  ,85Jz Tom13  ,909 Tom     ,606MTom2,R.MTom 2,909 Tom     ,,,Power Mid Tom 2,,,,,,,,Electric Mid Tom 2,TR-808 Mid Tom 2,Synth Drum 2,CR-78 Mid Tom 2,TR-606 Mid Tom 2,TR-707 Mid Tom 2,TR-909 Mid Tom 2,,85Jz Tom13  ,85JzTom13B,,,,,,,Brush Mid Tom 2,85Br Tom2   ,85BrTom2B,,,,,,Timpani A,Big Gong,[55]Kick Drum 2,Jazz K1 ,RAMA Cymbal ,CR-78 Closed Hi-Hat,CengCeng,CengCeng,Metronome Click,Reverse 808 Snare,Reverse Techno Snare 2,R Br BsDrum1,Audio Switch,R VoiceComon,Pedal HiHat 
85St OpenHat,Open Hi-Hat 2,85StOpenHatB,,,,,,85Rm OpenHat,R8 Ohh2     ,606 HiHat Op,909 OHH ,RND ROHH,909 OH      ,,,Open Hi-Hat,,,,,,,,Open Hi-Hat 2,TR-808 Open Hi-Hat,CR-78 ohh   ,CR-78 Open Hi-Hat,TR-606 Open Hi-Hat,TR-707 Open Hi-Hat,TR-909 Open Hi-Hat,,85Jz OpenHat,85JzOpenHatB,,,,,,,Brush Open Hi-Hat,85Br OpenHat,85BrOpenHatB,,,,,,Timpani A#,Small Gong,[88]Soft Kick,HHop BD1,RAMA Cymbal ,[55]Pedal Hi-Hat,KopyakOp,KopyakOp,Metronome Bell,Reverse Tom 1,Reverse TR-707 Snare,R Br BsDrum2,Key Typing 1,R VoiceKikit   ,Pedal HiHat2
85St Tom12  ,Mid Tom 1,85StTom12B,,,,,,Room Tom 2  ,85Jz Tom13  ,909 Tom     ,606MTom1,R.MTom 1,909 Tom     ,,,Power Mid Tom 1,,,,,,,,Electric Mid Tom 1,TR-808 Mid Tom 1,Synth Drum 2,CR-78 Mid Tom 1,TR-606 Mid Tom 1,TR-707 Mid Tom 1,TR-909 Mid Tom 1,,85Jz Tom13  ,85JzTom13B,,,,,,,Brush Mid Tom 1,85Br Tom2   ,85BrTom2B,,,,,,Timpani B,Bend Gong,[88]Jazz Kick 1,Dance BD,Sagat R     ,[88]Pedal Hi-Hat,KopyakMt,KopyakMt,Guitar Fret Noise,Reverse Tom 2,Reverse TR-606 Snare 1,R HipHop BD ,Key Typing 2,R Voice Ao  ,Half OpenHH1
85St Tom10  ,High Tom 2,85StTom10B,,,,,,Room Tom 2  ,85Jz Tom12  ,909 Tom     ,606HTom2,R.HTom 2,909 Tom     ,,,Power High Tom 2,,,,,,,,Electric High Tom 2,TR-808 High Tom 2,Synth Drum 2,CR-78 High Tom 2,TR-606 High Tom 2,TR-707 High Tom 2,TR-909 High Tom 2,,85Jz Tom12  ,85JzTom12B,,,,,,,Brush High Tom 2,85Br Tom3   ,85BrTom3B,,,,,,Timpani c,Thai Gong,[88]Jazz Kick 2,Cnct.BDM,Sagat L-c   ,Pedal Hi-Hat,Kajar,Kajar,Guitar Cutting Noise Up,Reverse Sticks,Reverse TR-909 Snare 1,R HipHop BD2,Key Typing 3,R Voice Ooh ,Half OpenHH2
85St CrsCym1,Crash Cymbal1,85StCrsCym1B,,,,,,85Rm CrsCym1,909 Crash   ,Jngl Crash  ,909 Crsh,RND RCrC,909 Crash   ,,,Crash Cymbal1,,,,,,,,Crash Cymbal1,TR-808 Crash Cymbal,808 Crash   ,TR-808 Crash Cymbal,TR-808 Crash Cymbal,TR-909 Crash Cymbal,TR-909 Crash Cymbal,,85Jz CrsCym1,85JzCrsCym1B,,,,,,,Brush Crash Cymbal,85Br CrsCym1,85BrCrsCym1B,,,,,,Timpani c#,Rama Cymbal,[55]Concert BD 1,Cnct.BD ,Jaw Harp Wow,Half-Open Hi-Hat 1,Kempur,Kempur,Guitar Cutting Noise Do,Reverse Slap,Reverse Hip-Hop Snare 2,R Jngl BD   ,Key Typing 4,R Voice Hie2,85St OpenHat
85St Tom10  ,High Tom 1,85StTom10B,,,,,,Room Tom 2  ,85Jz Tom12  ,909 Tom     ,606HTom1,R.HTom 1,909 Tom     ,,,Power High Tom 1,,,,,,,,Electric High Tom 1,TR-808 High Tom 1,Synth Drum 2,CR-78 High Tom 1,TR-606 High Tom 1,TR-707 High Tom 1,TR-909 High Tom 1,,85Jz Tom12  ,85JzTom12B,,,,,,,Brush High Tom 1,85Br Tom3   ,85BrTom3B,,,,,,Timpani d,Gamelan Gong,[88]Room Kick 1,Room K2 ,Wadaiko     ,Half-Open Hi-Hat 2,Jegogan,Jegogan,String Slap of Double B,Reverse Cymbal 1,Reverse Jungle Snare 1,R Jngl BD 2 ,Key Typing 5,R BabyLaught,85Rm OpenHat
85St RdCym  ,Ride Cymbal 1,85StRdCymB,,,,,,85Rm RdCym  ,Ride Cymbal ,Ride Cymbal ,RideCym1,RND RRdC,909 Ride Cym,,,Ride Cymbal 1,,,,,,,,Ride Cymbal 1,TR-606 Ride Cymbal,606 Ride Cym,TR-606 Ride Cymbal,TR-606 Ride Cymbal,TR-909 Ride Cymbal,TR-909 Ride Cymbal,,85Jz RdCym  ,85JzRdCymB,,,,,,,Ride Cymbal Inner,85Br RdCym  ,85BrRdCymB,,,,,,Timpani d#,Udo Short,[88]Room Kick 2,Room K1,Wadaiko Rim ,[55]Open Hi Hat,Jegogan,Jegogan,Flute Key Click Noise,Reverse Cymbal 2,Reverse House Snare,R 808 BD    ,Key Typing 6,R Yyooh,85Jz OpenHat
ChinaCymbal,Chinese Cymbal,ChinaCymbal,,,,,,ChinaCymbal,ReverseCymbl,ReverseCymbl,Rev.Cym ,,ReverseCymbl,,,Chinese Cymbal,,,,,,,,Reverse Cymbal,Chinese Cymbal,ReverseCymbl,Chinese Cymbal,Chinese Cymbal,Chinese Cymbal,Chinese Cymbal,,ChinaCymbal,ChinaCymbal,,,,,,,Chinese Cymbal,ChinaCymbal,ChinaCymbal,,,,,,Timpani e,Udo Long,[88]Power Kick1,Jngl BD1,Taiko       ,[88]Open Hi-Hat 2,Jegogan,Jegogan,Laughing,Reverse Open Hi-Hat,Reverse Closed Hi-Hat,R 909 BD    ,BabyLaughing,R Jp Lan Fem,85Br OpenHat
85St RdBell ,Ride Bell,85StRdBellB,,,,,,85Rm RdBell,Ride Bell   ,Ride Bell,RideBell,RND RRdB,Ride Bell   ,,,Ride Bell,,,,,,,,Ride Bell,Ride Bell,Ride Bell   ,Ride Bell,Ride Bell,Ride Bell,Ride Bell,,85Jz RdBell ,85JzRdBellB,,,,,,,Brush Ride Bell,85Br RdBell ,85BrRdBellB,,,,,,Timpani f,Udo Slap,[88]Power Kick2,Jngl BD2,Shimedaiko  ,[88]Open Hi-Hat 3,Jegogan,Jegogan,Screaming,Reverse Ride Cymbal,Reverse TR-606 C-HH,R 909 BD 2  ,Clap Hit    ,R Ooue!     ,909 OH      
Tambourine  ,Tambourine,Tambourine  ,,,,,,Tambourine  ,Shake Tamb  ,Shake Tamb  ,ShakeTmb,,Shake Tamb  ,,,Tambourine  ,,,,,,,,Tambourine,CR-78 Tambourine,Shake Tamb  ,CR-78 Tambourine,CR-78 Tambourine,Tambourine 2,Tambourine 2,,Tambourine  ,Tambourine  ,,,,,,,Tambourine,Tambourine  ,Tambourine  ,,,,,,Tambourine,Bendir,[88]Elec Kick 2,JnglBDRl,Atarigane   ,Open Hi-Hat,Jegogan,Jegogan,Punch,Reverse CR-78 Open HH,Reverse TR-707 C-HH,R Fat BD    ,Stab! 1     ,Fl.Breath 1 ,TR-707 OHH  
Splash Cym. ,Splash Cymbal,Splash Cym. ,,,,,,Splash Cym. ,Splash Cym. ,Splash Cym. ,,SplshCym,Splash Cym. ,,,Splash Cymbal,,,,,,,,Splash Cymbal,Splash Cymbal,Splash Cym. ,Splash Cymbal,Splash Cymbal,Splash Cymbal,Splash Cymbal,,Splash Cym. ,Splash Cym. ,,,,,,,Splash Cymbal,Splash Cym. ,Splash Cym. ,,,,,,Splash Cymbal,Req Dum,[88]Elec Kick 1,Fat BD,Hyoushigi   ,TR-909 Open Hi-Hat,Jublag,Jublag,Heart Beat,Reverse Closed Hi-Hat,Reverse TR-808 C-HH,R Dance BD  ,Stab! 2     ,Fl.Breath 2 ,606 HiHat Op
Cowbell     ,Cowbell,Cowbell     ,,,,,,Cowbell     ,808cowbe    ,808cowbe    ,808 Cow ,,808cowbe    ,,,Cowbell,,,,,,,,Cowbell,TR-808 Cowbell,808cowbe    ,CR-78 Cowbell,CR-78 Cowbell,TR-808 Cowbell,TR-808 Cowbell,,Cowbell     ,Cowbell     ,,,,,,,Cowbell,Cowbell     ,Cowbell     ,,,,,,Cowbell,Req Tik,[55]Elec Kick,HHop BD2,Ohkawa      ,TR-707 Open Hi-Hat,Jublag,Jublag,Footsteps 1,Reverse Gong,Reverse Jungle Hi-Hat,R St Snare1 ,Bounce Hit  ,Fl.Breath 3 ,TR-808 OHH  
Crash Cym.2 ,Crash Cymbal 2,Crash Cym.2 ,,,,,,Crash Cym.2 ,Crash Cym.2 ,Crash Cym.2 ,909 Crsh,,909 Crash   ,,,Crash Cymbal 2,,,,,,,,Crash Cymbal 2,TR-909 Crash Cymbal,Crash Cym.2 ,TR-909 Crash Cymbal,TR-909 Crash Cymbal,Crash Cymbal 2,Crash Cymbal 2,,Crash Cym.2 ,Crash Cym.2 ,,,,,,,Crash Cymbal 2,Crash Cym.2 ,Crash Cym.2 ,,,,,,Concert Cymbal 2,Tabla Te,[88]TR-808 Kick,808 BD  ,H kotsuzumi ,TR-606 Open Hi-Hat,Jublag,Jublag,Footsteps 2,Reverse Bell Tree,Reverse Tambourine 2,R St Snare2 ,Boeeeen     ,Vox Brath   ,CR-78 ohh   
Vibraslap   ,Vibra-slap,Vibraslap   ,,,,,,Vibraslap   ,Vibraslap   ,Vibraslap   ,,,Vibraslap   ,,,Vibra-slap,,,,,,,,Vibra-slap,Vibra-slap,Vibraslap   ,Vibra-slap,Vibra-slap,Vibra-slap,Vibra-slap,,Vibraslap   ,Vibraslap   ,,,,,,,Vibra-slap,Vibraslap   ,Vibraslap   ,,,,,,Vibra-slap,Tabla Na,[88]TR-909 Kick,909 BD1  ,L Kotsuzumi ,[88]TR-808 Open Hi-Hat,Jublag,Jublag,Applause,Reverse Guiro,Reverse Shake Tambourin,R Rm Snare1 ,Glass Stir,Vox Brath 2 ,85St CrsCym1
Ride Cymbal ,Ride Cymbal 2,Ride Cymbal ,,,,,,Ride Cymbal ,Ride Cymbal ,Ride Cymbal ,,,Ride Cymbal ,,,Ride Cymbal 2,,,,,,,,Ride Cymbal 2,Ride Cymbal Edge,Ride Cymbal ,Ride Cymbal Edge,Ride Cymbal Edge,Ride Cymbal Edge,Ride Cymbal Edge,,RideCym Edge,RideCym Edge,,,,,,,Ride Cymbal Edge,RideCym Edge,RideCym Edge,,,,,,Concert Cymbal 1,Tabla Tun,[88]Dance Kick,909 BD2,Yyoo Dude   ,TR-808 Open Hi-Hat,Jublag,Jublag,Door Creaking,Reverse Bendir,Reverse TR-808 Open HH,R Rm Snare2 ,Ice Ring    ,Voice One,85Rm CrsCym1
Bongo High  ,High  Bongo,Bongo High  ,,,,,,Bongo High  ,Bongo High  ,Bongo High  ,78 BongH,,CR78 HiBongo,,,High  Bongo,,,,,,,,High  Bongo,CR-78 High Bongo,Bongo High  ,CR-78 High Bongo,CR-78 High Bongo,High  Bongo,High  Bongo,,Bongo High  ,Bongo High  ,,,,,,,High  Bongo,Bongo High  ,Bongo High  ,,,,,,High  Bongo,Tabla Ge,[88]Std 1 Snare 1,Std1 S1,Buk_f       ,CR-78 Open Hi-Hat,Penyacah,Penyacah,Door,Reverse Gun Shot,Reverse TR-707 Open HH,R Jz Snare1 ,Crack Bottle,Voice Two,85Jz CrsCym1
Bongo Lo    ,Low Bongo,Bongo Lo    ,,,,,,Bongo Lo    ,Bongo Lo    ,Bongo Lo    ,78 BongL,,CR78 LoBongo,,,Low Bongo,,,,,,,,Low Bongo,CR-78 Low Bongo,Bongo Lo    ,CR-78 Low Bongo,CR-78 Low Bongo,Low Bongo,Low Bongo,,Bongo Lo    ,Bongo Lo    ,,,,,,,Low Bongo,Bongo Lo    ,Bongo Lo    ,,,,,,Low Bongo,Tabla Ge Hi,[88]Std 1 Snare 2,Std1 S2,Buk_r       ,Crash Cymbal 1,Penyacah,Penyacah,Scratch,Reverse Scratch,Reverse Open Hi-Hat,R Jz Snare2 ,Pour Bottle ,Voice Three,85Br CrsCym1
Mute H.Conga,Mute High Conga,Mute H.Conga,,,,,,Mute H.Conga,Mute H.Conga,Mute H.Conga,808HCng ,,808 Conga   ,,,Mute High Conga,,,,,,,,Mute High Conga,TR-808 Mute High Conga,Mute H.Conga,TR-808 Mute High Conga,TR-808 Mute High Conga,Mute High Conga,Mute High Conga,,Mute H.Conga,Mute H.Conga,,,,,,,Mute High Conga,Mute H.Conga,Mute H.Conga,,,,,,Mute High Conga,Talking Drum,[88]Std 2 Snare 1,Std.2 S1,Gengari_p   ,Crash Cymbal 2,Penyacah,Penyacah,Wind Chimes,Reverse Laser Gun,Reverse TR-606 Open HH,R Br Snare1 ,Soda        ,Voice Tah   ,Hard Crash  
Conga Hi Opn,Open High Conga,Conga Hi Opn,,,,,,Conga Hi Opn,Conga Hi Opn,Conga Hi Opn,808MCng ,,808 Conga   ,,,Open High Conga,,,,,,,,Open High Conga,TR-808 Open High Conga,Conga Hi Opn,TR-808 Open High Conga,TR-808 Open High Conga,Open High Conga,Open High Conga,,Conga Hi Opn,Conga Hi Opn,,,,,,,Open High Conga,Conga Hi Opn,Conga Hi Opn,,,,,,Open High Conga,Bend Talking Drum,[88]Std 2 Snare 2,Std.2 S2,Gengari_m   ,Crash Cymbal 3,Penyacah,Penyacah,Car Engine,Key Click,Reverse  Hu Yin Luo,R Br Snare2 ,Car Engine 2,Voice ComeOn,909 Crash   
Conga Lo Opn,Open Low Conga,Conga Lo Opn,,,,,,Conga Lo Opn,Conga Lo Opn,Conga Lo Opn,808LCng ,,808 Conga   ,,,Open Low Conga,,,,,,,,Open Low Conga,TR-808 Open Low Conga,Conga Lo Opn,TR-808 Open Low Conga,TR-808 Open Low Conga,Open Low Conga,Open Low Conga,,Conga Lo Opn,Conga Lo Opn,,,,,,,Open Low Conga,Conga Lo Opn,Conga Lo Opn,,,,,,Open Low Conga,Caxixi,[55]Snare Drum 2,Tight SD,Gengari_f   ,Brush Crash Cymbal,Penyacah,Penyacah,Car Stop,Techno Thip,Reverse TR-707 CrashCY,R LoFi SD 1 ,Car Horn    ,Voice Kikit ,Jngl Crash  
High Timbale,High Timbale,High Timbale,,,,,,High Timbale,High Timbale,High Timbale,,,High Timbale,,,High Timbale,,,,,,,,High Timbale,High Timbale,High Timbale,High Timbale,High Timbale,High Timbale,High Timbale,,High Timbale,High Timbale,,,,,,,High Timbale,High Timbale,High Timbale,,,,,,High Timbale,Djembe,[55]Concert Snare,Con.SD  ,Gengari_m   ,Hard Crash Cymbal,Penyacah,Penyacah,Car Passing,Pop Drop,Voice One,R LoFi SD 2 ,R.Crossing  ,Voice Aou   ,808 Crash   
Low Timbale ,Low Timbale ,Low Timbale ,,,,,,Low Timbale ,Low Timbale ,Low Timbale ,,,Low Timbale ,,,Low Timbale ,,,,,,,,Low Timbale ,Low Timbale,Low Timbale ,Low Timbale,Low Timbale,Low Timbale,Low Timbale,,Low Timbale ,Low Timbale ,,,,,,,Low Timbale,Low Timbale ,Low Timbale ,,,,,,Low Timbale,Djembe Rim,[88]Jazz Snare 1,Jazz S1 ,Gengari S   ,TR-909 Crash Cymbal,Penyacah,Penyacah,Car Crash,Woody Slap,Reverse Voice One,R HipHop SD1,SL 1        ,Voice Oou   ,Std4 CrsCym1
Agogo       ,High Agogo,Agogo       ,,,,,,Agogo       ,Agogo       ,Agogo       ,,,Agogo       ,,,High Agogo,,,,,,,,High Agogo,High Agogo,Agogo       ,High Agogo,High Agogo,High Agogo,High Agogo,,Agogo       ,Agogo       ,,,,,,,High Agogo,Agogo       ,Agogo       ,,,,,,High Agogo,Timbales Low,[88]Jazz Snare 2,Jazz S2 ,Jang-Gu_c   ,TR-808 Crash Cymbal,Pemade,Pemade,Siren,Distortion Kick,Voice Two,R HipHop SD2,SL 2        ,Punch       ,Rom2 CrsCym1
Agogo       ,Low Agogo,Agogo       ,,,,,,Agogo       ,Agogo       ,Agogo       ,,,Agogo       ,,,Low Agogo,,,,,,,,Low Agogo,Low Agogo,Agogo       ,Low Agogo,Low Agogo,Low Agogo,Low Agogo,,Agogo       ,Agogo       ,,,,,,,Low Agogo,Agogo       ,Agogo       ,,,,,,Low Agogo,Timbales Paila,[88]Room Snare 1,Room S1 ,Jang-Gu_k   ,Mute Crash Cymbal 1,Pemade,Pemade,Train,Syn. Drops,Reverse Voice Two,R House SD  ,Over Blow   ,Screaming   ,Jaz2 CrsCym1
Cabasa      ,Cabasa,Cabasa      ,,,,,,Cabasa      ,Cabasa      ,Cabasa      ,,,Cabasa      ,,,Cabasa,,,,,,,,Cabasa,Cabasa,Cabasa      ,Cabasa,Cabasa,Cabasa,Cabasa,,Cabasa      ,Cabasa      ,,,,,,,Cabasa,Cabasa      ,Cabasa      ,,,,,,Cabasa,Timbales High,[88]Room Snare 2,Room S2 ,Jang-Gu_r   ,Mute Crash Cymbal 2,Pemade,Pemade,Jetplane,Reverse Hi Q,Voice Three,R Jngl SD   ,Sword Boom! ,Laughing    ,Brs2 CrsCym1
Maracas     ,Maracas,Maracas     ,,,,,,Maracas     ,808marac    ,808marac    ,808 Marc,,808marac    ,,,Maracas,,,,,,,,Maracas,TR-808 Maracas,Maracas     ,CR-78 Maracas,CR-78 Maracas,TR-808 Maracas,TR-808 Maracas,,Maracas     ,Maracas     ,,,,,,,Maracas,Maracas     ,Maracas     ,,,,,,Maracas,Cowbell,[88]Power Snare 1,Dance SD,Jing_p      ,Reverse Crash Cymbal 1,Pemade,Pemade,Helicopter,Pipe,Reverse Voice Three,R 606 SD 2  ,Sword Cross ,Voice Hie   ,Crash Mute 1
ShrtWhistle,Short High Whistle,ShrtWhistle,,,,,,ShrtWhistle,ShrtWhistle,ShrtWhistle,,,ShrtWhistle,,,Short High Whistle,,,,,,,,Short High Whistle,Short High Whistle,ShrtWhistle,Short High Whistle,Short High Whistle,Short High Whistle,Short High Whistle,,ShrtWhistle,ShrtWhistle,,,,,,,Short High Whistle,ShrtWhistle,ShrtWhistle,,,,,,Short High Whistle,High Bongo,[88]Power Snare 2,LoFi SD1,Jing_f      ,Reverse Crash Cymbal 2,Pemade,Pemade,Starship,Ice Block,Voice Tah,R Techno SD ,Industry Hit,BabyLaughing,Crash Mute 2
LongWhistle ,Long Low Whistle,LongWhistle ,,,,,,LongWhistle ,LongWhistle ,LongWhistle ,,,LongWhistle ,,,Long Low Whistle,,,,,,,,Long Low Whistle,Long Low Whistle,LongWhistle ,Long Low Whistle,Long Low Whistle,Long Low Whistle,Long Low Whistle,,LongWhistle ,LongWhistle ,,,,,,,Long Low Whistle,LongWhistle ,LongWhistle ,,,,,,Long Low Whistle,Low Bongo,[55]Gated Snare,Gated SD,Jing_m      ,Reverse Crash Cymbal 3,Pemade,Pemade,Gun Shot,Digital Tambourine,Reverse Voice Tah,R Dance SD  ,Drill Hit   ,Frog Voice  ,rStd4CrhSym1
Short Guiro ,Short Guiro,Short Guiro ,,,,,,Short Guiro ,Short Guiro ,Short Guiro ,,,Short Guiro ,,,Short Guiro,,,,,,,,Short Guiro,Short Guiro,Short Guiro ,Short Guiro,Short Guiro,Short Guiro,Short Guiro,,Short Guiro ,Short Guiro ,,,,,,,Short Guiro,Short Guiro ,Short Guiro ,,,,,,Short Guiro,Mute High Conga,[88]Dance Snare 1,LoFi SD2,Asian Gong 1,Reverse TR-909 Crash  C,Pemade,Pemade,Machine Gun,Alias,Voice Ou,R RockSD Dry,Compresser  ,Yyoo Dude   ,rRom2CrhSym1
Long Guiro  ,Long Guiro,Long Guiro  ,,,,,,Long Guiro  ,CR78 Guiro  ,CR78 Guiro  ,78 Guiro,,CR78 Guiro  ,,,Long Guiro,,,,,,,,Long Guiro,CR-78 Guiro,Long Guiro  ,CR-78 Guiro,CR-78 Guiro,Long Guiro,CR-78 Guiro,,Long Guiro  ,Long Guiro  ,,,,,,,Long Guiro,Long Guiro  ,Long Guiro  ,,,,,,Long Guiro,Open High Conga,[88]Dance Snare 2,Dance S2,Big Gong    ,[55]Splash Cymbal,Pemade,Pemade,Laser Gun,Modulated Bell,Voice Au,R LoFi SDRim,Thrill Hit  ,Voice 1     ,rJaz2CrhSym1
Claves      ,Claves,Claves      ,,,,,,Claves      ,808clave    ,808clave    ,808 Clvs,,808clave    ,,,Claves,,,,,,,,Claves,TR-808 Claves,Claves      ,CR-78 Claves,CR-78 Claves,Claves,TR-808 Claves,,Claves      ,Claves      ,,,,,,,Claves,Claves      ,Claves      ,,,,,,Claves,Mute Low Conga,[88]Disco Snare,Rock SDD,Small Gong  ,Splash Cymbal,Pemade,Pemade,Explosion,Spark,Voice Whey,R 909 SD Rim,Explosion 2 ,Voice Au    ,rBrs2CrhSym1
Woodblock   ,High Wood Block,Woodblock   ,,,,,,Woodblock   ,Woodblock   ,Woodblock   ,,,Woodblock   ,,,High Wood Block,,,,,,,,High Wood Block,High Wood Block,Woodblock   ,High Wood Block,High Wood Block,High Wood Block,High Wood Block,,Woodblock   ,Woodblock   ,,,,,,,High Wood Block,Woodblock   ,Woodblock   ,,,,,,High Wood Block,Conga Slap,[88]Elec Snare 2,Tchno SD,"Pai Ban""",[88]Ride Bell,Pemade,Pemade,Dog,Metallic Percussion,Frog Vpoce,R Jngl SDRim,Seal        ,JzVoice Thum,Splash Cym. 
Woodblock   ,Low Wood Block,Woodblock   ,,,,,,Woodblock   ,Woodblock   ,Woodblock   ,,,Woodblock   ,,,Low Wood Block,,,,,,,,Low Wood Block,Low Wood Block,Woodblock   ,Low Wood Block,Low Wood Block,Low Wood Block,Low Wood Block,,Woodblock   ,Woodblock   ,,,,,,,Low Wood Block,Woodblock   ,Woodblock   ,,,,,,Low Wood Block,Open Low Conga,[88]House Snare,House SD,Ban_Gu      ,[88]Brush Ride Bell,Reyong,Reyong,Horse-Gallop,Velocity Noise FX,Reverse Yyoo Dude,R DanceSDRim,Fancy Animal,JzVoice Bop ,85St RdBell 
Mute Cuica  ,Mute Cuica,Mute Cuica  ,,,,,,Mute Cuica  ,Hoo         ,Hoo         ,High Hoo,,Hoo         ,,,Mute Cuica,,,,,,,,Mute Cuica,High Hoo,Hoo         ,High Hoo,High Hoo,High Hoo,High Hoo,,Mute Cuica  ,Mute Cuica  ,,,,,,,Mute Cuica,Mute Cuica  ,Mute Cuica  ,,,,,,Mute Cuica,Conga Slide,[55]Elec Snare 1,HHop SD1,tangu60     ,[88]Ride Cymbal 1,Reyong,Reyong,Birds,Stereo Noise Clap,Douby,R HouseSDRim,Cricket     ,JzVoice Dat ,85Rm RdCym  
Open Cuica  ,Open Cuica,Open Cuica  ,,,,,,Open Cuica  ,Hoo         ,Hoo         ,Low Hoo,,Hoo         ,,,Open Cuica,,,,,,,,Open Cuica,Low Hoo,Hoo         ,Low Hoo,Low Hoo,Low Hoo,Low Hoo,,Open Cuica  ,Open Cuica  ,,,,,,,Open Cuica,Open Cuica  ,Open Cuica  ,,,,,,Open Cuica,Mute Pandiero,[88]Elec Snare 3,606 SD2,tanmt60     ,[88]Ride Cymbal 2,Reyong,Reyong,Rain,Swish,Reverse Douby,R Brsh Tom1 ,Baert ,JzVoice Doun,85Jz RdBell 
MuteTriangl,Mute Triangle,MuteTriangl,,,,,,MuteTriangl,MuteTriangl,MuteTriangl,,,MuteTriangl,,,Mute Triangle,,,,,,,,Mute Triangle,Elec Mute Triangle,MuteTriangl,CR-78 Low Beat,CR-78 Low Beat,Elec Mute Triangle,Elec Mute Triangle,,MuteTriangl,MuteTriangl,,,,,,,Mute Triangle,MuteTriangl,MuteTriangl,,,,,,Mute Triangle,Open Pandiero,[88]TR-808 Snare 1,LoFiSDRm,Bend Gong L ,[88]Brush Ride Cymbal,Reyong,Reyong,Thunder,Slappy,Baert High,R Brsh Tom2 ,Frog Vpoce,Voice Oohs 2,85Br RdBell 
OpenTriangl,Open Triangle,OpenTriangl,,,,,,OpenTriangl,OpenTriangl,OpenTriangl,,,OpenTriangl,,,Open Triangle,,,,,,,,Open Triangle,Elec Open Triangle,OpenTriangl,CR-78 High Beat,CR-78 High Beat,Elec Open Triangle,Elec Open Triangle,,OpenTriangl,OpenTriangl,,,,,,,Open Triangle,OpenTriangl,OpenTriangl,,,,,,Open Triangle,Open Surdo,[88]TR-808 Snare 2,Jngl SD,Bend Gong   ,Ride Cymbal Low Inner,Reyong,Reyong,Wind,Voice Ou,Baert Low,R Brsh Tom3 ,Wind 2,OohsChrdMaj7,85St RdCym  
Shaker      ,Shaker,Shaker      ,,,,,,Shaker      ,Shaker 2    ,Jngl Shaker ,626 Shkr,,626 Shaker  ,,,Shaker,,,,,,,,Shaker,TR-626 Shaker,626 Shaker  ,TR-626 Shaker,TR-626 Shaker,TR-626 Shaker,TR-626 Shaker,,Shaker      ,Shaker      ,,,,,,,Shaker,Shaker      ,Shaker      ,,,,,,Shaker,Mute Surdo,[88]TR-909 Snare 1,HHop SD2,"Huyin Luo L""",Ride Cymbal Mid Inner,Reyong,Reyong,Seashore,Voice Au,Bounce,R 606 Tom   ,Scratch 3   ,OohsChrdMaj7,85Rm RdCym  
Jingle Bell ,Jingle Bell,Jingle Bell ,,,,,,Jingle Bell ,Jingle Bell ,Jingle Bell ,,,Jingle Bell ,,,Jingle Bell,,,,,,,,Jingle Bell,Jingle Bell,Jingle Bell ,Jingle Bell,Jingle Bell,Jingle Bell,Jingle Bell,,Jingle Bell ,Jingle Bell ,,,,,,,Jingle Bell,Jingle Bell ,Jingle Bell ,,,,,,Jingle Bell,Tamborim,[88]TR-909 Snare 2,JnglSDRl,hynlo60     ,Ride Cymbal High Inner,Reyong,Reyong,Stream,Hoo,Reverse bounce,R Jngl Crash,Scratch 4   ,OohsChrdSus4,85Jz RdCym  
Bell Tree ,Bar Chimes,Bell Tree ,,,,,,Bell Tree ,Bell Tree ,Bell Tree ,,,Bell Tree ,,,Bell Tree,,,,,,,,Bell Tree,Bell Tree,Bell Tree ,Bell Tree,Bell Tree,Bell Tree,Bell Tree,,Bell Tree ,Bell Tree ,,,,,,,Bell Tree,Bell Tree ,Bell Tree ,,,,,,Bell Tree,High Agogo,[88]Brush Tap 1,B.Tap 1 ,Huyin Luo Mt,Ride Cymbal Low Edge,Reyong,Reyong,Bubble,Tape Stop 1,Distortion Knock,R St ClsHat ,Scratch 5   ,OohsChrdSus4,85Br RdCym  
Castanets   ,Castanets,Castanets   ,,,,,,Castanets   ,Castanets   ,Castanets   ,,,Castanets   ,,,Castanets,,,,,,,,Castanets,Castanets,Castanets   ,Castanets,Castanets,Castanets,Castanets,,Castanets   ,Castanets   ,,,,,,,Castanets,Castanets   ,Castanets   ,,,,,,Castanets,Low Agogo,[88]Brush Tap 2,B.Tap 2 ,Hu yin Luo H,Ride Cymbal Mid Edge,Reyong,Reyong,Kitty,Tape Stop 2,Guitar Slide,R Rm ClsHat ,Scratch 6   ,JpVoiceLah F,606 Ride Cym
Mute Surdo,Mute Surdo,Mute Surdo,,,,,,Mute Surdo,Mute Surdo,Mute Surdo,,,Mute Surdo,,,Mute Surdo,,,,,,,,Mute Surdo,Mute Surdo,Mute Surdo,Mute Surdo,Mute Surdo,Mute Surdo,Mute Surdo,,Mute Surdo,Mute Surdo,,,,,,,Mute Surdo,Mute Surdo,Mute Surdo,,,,,,Mute Surdo,Shaker,[88]Brush Slap 1,BrshTap2,Hynlo mute  ,Ride Cymbal High Edge,Reyong,Reyong,Bird 2,Missile,Sub Marine,R Jz ClsHat ,Scratch 7   ,JpVoiceLan F,TR808 Ride  
Open Surdo,Open Surdo,Open Surdo,,,,,,Open Surdo,Open Surdo,Open Surdo,,,Open Surdo,,,Open Surdo,,,,,,,,Open Surdo,Open Surdo,Open Surdo,Open Surdo,Open Surdo,Open Surdo,Open Surdo,,Open Surdo,Open Surdo,,,,,,,Open Surdo,Open Surdo,Open Surdo,,,,,,Open Surdo,High Whistle,[88]Brush Slap 2,BrshSlp2,naobo60     ,TR-606 Ride Cymbal,Reyong,Reyong,Growl,Space Birds,Noise Attack,R Br ClsHat ,Noise Attack,JpVoiceWah M,ChinaCymbal
Applause 2  ,Applause 2,Applause 2  ,,,,,,Applause 2  ,Small Club,Small Club,,,Applause 2  ,,,Applause 2,,,,,,,,Small Club 1,Small Club 1,Small Club,Small Club 1,Small Club 1,Small Club 1,Applause 2,,Applause    ,Applause    ,,,,,,,Applause,Applause    ,Applause    ,,,,,,Applause,Low Whistle,[88]Brush Slap 3,B.Slap 3,xaobo60     ,TR-808 Ride Cymbal,Reyong,Reyong,Applause 2,Flying Monster,Space Worms,R 707 Claps ,Bounce,JpVoiceWoh M,Chaina Cym2 
,,,,,,,,,HipHop SD 2 ,JnglRollKick,Dance SD,,606 SD 2    ,,,,,,,,,,,,,606 SD 2    ,,,,,,,,,,,,,,,,,,,,,,,Mute Cuica,[88]Brush Swirl 1,B.Swirl1,Dholak 1    ,Chinese Cymbal 1,,,Telephone 1,,Emergency !,R 909 Claps ,Dist Knock,,707 Claps   
,,,,,,,,,LoFi SD Rim ,JnglRolSnare,House SD,,Dance SD    ,,,,,,,,,,,,,Techno SD   ,,,,,,,,,,,,,,,,,,,,,,,Open Cuica,[88]Brush Swirl 2,B.Swirl2,Dholak 2    ,Chinese Cymbal 2,,,Telephone 2,,Calculating...,R R&B Claps1,xxx,,HipHop Claps
,,,,,,,,,HipHop Claps,606 SD 2    ,Rock SDD,,Techno SD   ,,,,,,,,,,,,,House SD    ,,,,,,,,,,,,,,,,,,,,,,,Mute Triangle,[88]Brush Long Swirl,B.LngSwl,,[55]Hand Clap,,,Small Club 1,,Saw LFO Saw,R HipHopClap,,,R&B Claps 1
,,,,,,,,,85St Snare1 ,Dance SD    ,HHop SD1,,Rock SD Dry ,,,,,,,,,,,,,HipHop SD 1 ,,,,,,,,,,,,,,,,,,,,,,,Open Triangle,Standard 1 Snare 1,Std.1 S1,,[88]Hand Clap 2,,,Small Club 2,,,R CompClaps2,,,909 Claps   
,,,,,,,,,85St Snare2 ,Techno SD   ,LoFi SD1,,HipHop SD 1 ,,,,,,,,,,,,,LoFi SD 1   ,,,,,,,,,,,,,,,,,,,,,,,Short Guiro,Standard 1 Snare 2,Std.1 S2,,[88]Hand Clap,,,Applause Wave,,,R Shaker 2  ,,,Comp Claps 2
,,,,,,,,,85Rm Snare1 ,House SD    ,LoFi SD2,,LoFi SD 1   ,,,,,,,,,,,,,LoFi SD 2   ,,,,,,,,,,,,,,,,,,,,,,,Long Guiro,Standard Snare 3,Std.1 S3,,Hand Clap,,,Eruption,,,R JnglShaker,,,909 HandClap
85Rm Snare1 ,,85St BsDrum1,,,,,,85St Snare1 ,85Rm Snare2 ,Rock SD Dry ,Jngl SD     ,L RmK2,LoFi SD 2   ,,,,,,,,,,,,,Jngl SD     ,,,,,,,85Jz BsDrum1,,,,,,,,,85Br BsDrum1,,,,,,,Cabasa Up,Rap Snare,RapSnare,,Hand Clap 2,,,Big Shot,,,R Clap Hit  ,,,HC2 Claps 2 
85Rm Snare2 ,,85St BsDrum2,,,,,,85St Snare2 ,LoFi SD 1   ,LoFi SD 1   ,HHop SD2,L RmK1,Jngl SD     ,,,,,,,,,,,,,HipHop SD 2 ,,,,,,,85Jz BsDrum2,,,,,,,,,85Br BsDrum2,,,,,,,Cabasa Down,Hip-Hop Snare 2,HipHopS2,,TR-707 Hand Clap,,,Percussion Bang,,,R Boeeeen   ,,,707 Claps   
Std.1 Snare1,[88]Std 1 Snare1,85St CrsCym1,,,,,,Std.1 Snare1,Techno Hit  ,Techno Hit  ,Tkno Hit,L RmCCym,Techno Hit  ,,,[88]Std 1 Snare1,,,,,,,,Techno Hit,Techno Hit,Techno Hit  ,Techno Hit,Techno Hit,Techno Hit,Techno Hit,,,85Jz CrsCym1,,,,,,,,,85Br CrsCym1,,,,,,Applause 2,Claves,Jungle Snare 1,JungleS1,,,,,,,,R Bounce    ,,,
Std.1 Snare2,[88]Std 1 Snare 2,85St Snare2 ,,,,,,Std.1 Snare2,Philly Hit  ,Philly Hit  ,Pily Hit,L RmS1,Philly Hit  ,,,[88]Std 1 Snare 2,,,,,,,,Philly Hit,Philly Hit,Philly Hit  ,Philly Hit,Philly Hit,Philly Hit,Philly Hit,,85Br Snare1 ,85Jz Snare1 ,,,,,,,,85Jz Snare1 ,85Br Snare1 ,,,,,,Small Club 1,High Wood Block,Jungle Snare 2,JungleS2,,,,,,,,R CD Tray   ,,,
Std.2 Snare1,[88]Std 2 Snare 1,85St RdCym  ,,,,,,Std.2 Snare1,Shock Wave  ,Shock Wave  ,ImpctHit,L RmRCym,Shock Wave  ,,,[88]Std 2 Snare 1,,,,,,,,Shock Wave,Shock Wave,Shock Wave  ,Shock Wave,Shock Wave,Shock Wave,Shock Wave,,85Br Snare2 ,85Jz RdCym  ,,,,,,,,85Jz Snare2 ,85Br RdCym  ,,,,,,[55]Timpani D#,Low Wood Block,Techno Snare 1,TechnoS1,,,,,,,,R Drill     ,,,
Std.2 Snare2,[88]Std 2 Snare 2,85St Snare1 ,,,,,,Std.2 Snare2,Lo Fi Rave  ,Lo Fi Rave  ,LoFiRave,L RmS2,Lo Fi Rave  ,,,[88]Std 2 Snare 2,,,,,,,,Lo-Fi Rave,Lo-Fi Rave,Lo Fi Rave  ,Lo-Fi Rave,Lo-Fi Rave,Lo-Fi Rave,Lo-Fi Rave,,Brush Swirl ,85Jz Snare2 ,,,,,,,[88]Brush Tap 1,Brush Swirl ,85Br Snare2 ,,,,,,[55]Timpani E,,Techno Snare 2,TechnoS2,,,,,,,,R Glass Stir,,,
Tight Snare ,[55]Snare Drum 2,85St Tom16  ,,,,,,Tight Snare ,Bam Hit     ,Bam Hit     ,Bam Hit ,L RmLTom,Bam Hit     ,,,[55]Snare Drum 2,,,,,,,,Bam Hit,Bam Hit,Bam Hit     ,Bam Hit,Bam Hit,Bam Hit,Bam Hit,,Brush Tap   ,85Jz Tom16  ,,,,,,,[88]Brush Tap 2,Brush Tap   ,85Br Tom3   ,,,,,,[55]Timpani F,,House Snare 2,House S2,,,,,,,,R Ice Ring  ,,,
Standard SN1,Standard 1 Snare 1,85St ClsHat ,,,,,,Standard SN1,Bim Hit     ,Bim Hit     ,Bim Hit ,L RmCHat,Bim Hit     ,,,Standard 1 Snare 1,,,,,,,,Bim Hit,Bim Hit,Bim Hit     ,Bim Hit,Bim Hit,Bim Hit,Bim Hit,,Brush Slap1 ,85Jz ClsHat ,,,,,,,[88]Brush Slap 1,Brush Slap1 ,85Br ClsHat ,,,,,,[55]Timpani F#,,CR-78 Snare 1,CR-78 S1,,,,,,,,R Klnzapcm  ,,,
LD Snare M  ,Standard 1 Snare 2,85St Tom12  ,,,,,,LD Snare M  ,TapeRewind  ,TapeRewind  ,Tape Rew,L RmMTom,TapeRewind  ,,,Standard 1 Snare 2,,,,,,,,Tape Rewind,Tape Rewind,TapeRewind  ,Tape Rewind,Tape Rewind,Tape Rewind,Tape Rewind,,Brush Slap2 ,85Jz Tom13  ,,,,,,,[88]Brush Slap 2,Brush Slap2 ,85Br Tom2   ,,,,,,[55]Timpani G,,CR-78 Snare 2,CR-78 S2,,,,,,,,R Scratch 4 ,,,
LD Snare C  ,Standard Snare 3,85St RdBell ,,,,,,LD Snare C  ,Phono Noise ,Phono Noise ,Phono Nz,L RmRBel,Phono Noise ,,,Standard Snare 3,,,,,,,,Phonograph Noise,Phonograph Noise,Phono Noise ,Phonograph Noise,Phonograph Noise,Phonograph Noise,Phonograph Noise,,Brush Slap  ,85Jz RdBell ,,,,,,,[88]Brush Slap 3,Brush Slap  ,85Br RdBell ,,,,,,[55]Timpani G#,,TR-606 Snare 1,606 S1  ,,,,,,,,R Scratch 5 ,,,
Jazz Snare 1,[88]Jazz Snare 1,85St Tom10  ,,,,,,Jazz Snare 1,Dance Snare1,Dance Snare1,Power S1,L RmHTom,Dance Snare1,,,[88]Jazz Snare 1,,,,,,,,[88]Power Snare 1,[88]Power Snare 1,Dance Snare1,[88]Power Snare 1,[88]Power Snare 1,[88]Power Snare 1,[88]Power Snare 1,,Brush Swirl ,85Jz Tom12  ,,,,,,,[88]Brush Swirl 1,Brush Swirl ,85Br Tom1   ,,,,,,[55]Timpani A,,TR-606 Snare 2,606 S2  ,,,,,,,,R Scratch 6 ,,,
Jazz Snare 2,[88]Jazz Snare 2,85St OpenHat,,,,,,Jazz Snare 2,Power Snare2,Power Snare2,Dance S1,L RmOHat,Power Snare2,,,[88]Jazz Snare 2,,,,,,,,[88]Dance Snare 1,[88]Dance Snare 1,Power Snare2,[88]Dance Snare 1,[88]Dance Snare 1,[88]Dance Snare 1,[88]Dance Snare 1,,Brush Swirl ,85Jz OpenHat,,,,,,,[88]Brush Swirl 2,Brush Swirl ,85Br OpenHat,,,,,,[55]Timpani A#,,TR-707 Snare 1,707 S1  ,,,,,,,,R Scratch 7 ,,,
Room Snare 1,[88]Room Snare 1,85StBsDrum1P,,,,,,Room Snare 1,Elec Snare 1,Elec Snare 1,Dance S2,R RmK2,Elec Snare 1,,,[88]Room Snare 1,,,,,,,,[88]Dance Snare 2,[88]Dance Snare 2,Elec Snare 1,[88]Dance Snare 2,[88]Dance Snare 2,[88]Dance Snare 2,[88]Dance Snare 2,,Long Swirl  ,85JzBsDrum1P,,,,,,,[88]Brush Long Swirl,Long Swirl  ,85BrBsDrum1P,,,,,,[55]Timpani B,,TR-707 Snare 2,707 S2  ,,,,,,,,R Seal      ,,,
Room Snare 2,[88]Room Snare 2,85StBsDrum2P,,,,,,Room Snare 2,Dance Snare2,Dance Snare2,Disco S ,R RmK1,Dance Snare2,,,[88]Room Snare 2,,,,,,,,[88]Disco Snare,[88]Disco Snare,Dance Snare2,[88]Disco Snare,[88]Disco Snare,[88]Disco Snare,[88]Disco Snare,,Jazz Snare 1,85JzBsDrum2P,,,,,,,[88]Jazz Snare 1,Jazz Snare 1,85BrBsDrum2P,,,,,,[55]Timpani c,,Standard 3 Snare 2,Std.3 S2,,,,,,,,R Stab! 1   ,,,
Dance Snare1,[88]Power Snare 1,85StCrsCym1P,,,,,,Dance Snare1,Elec Snare 2,Elec Snare 2,Elec.S2 ,R RmCCym,Elec Snare 2,,,[88]Power Snare 1,,,,,,,,[88]Elec Snare 2,[88]Elec Snare 2,Elec Snare 2,[88]Elec Snare 2,[88]Elec Snare 2,[88]Elec Snare 2,[88]Elec Snare 2,,Jazz Snare 2,85JzCrsCym1P,,,,,,,[88]Jazz Snare 2,Jazz Snare 2,85BrCrsCym1P,,,,,,[55]Timpani c#,,TR-808 Snare 2,808 S2  ,,,,,,,,R Stab! 2   ,,,
Power Snare1,[88]Power Snare 2,85StSnare2P ,,,,,,Power Snare1,Elec. Snare ,Elec. Snare ,Elec SD ,R RmS1,Elec. Snare ,,,[88]Power Snare 2,,,,,,,,[55]Elec Snare,[55]Elec Snare,Elec. Snare ,[55]Elec Snare,[55]Elec Snare,[55]Elec Snare,[55]Elec Snare,,Std.1 Snare1,85Jz Snare1P,,,,,,,[88]Std 1 Snare1,Std.1 Snare1,85Br Snare1P,,,,,,[55]Timpani d,,TR-909 Snare 1,909 S1  ,,,,,,,,R Swrd Boom!,,,
Rev.Snare,[55]Gated Snare,85St RdCym P,,,,,,Rev.Snare,Elec Snare 3,Elec Snare 3,Elec.S3 ,R RmRCym,Elec Snare 3,,,[55]Gated Snare,,,,,,,,[88]Elec Snare 3,[88]Elec Snare 3,Elec Snare 3,[88]Elec Snare 3,[88]Elec Snare 3,[88]Elec Snare 3,[88]Elec Snare 3,,Std.1 Snare2,85Jz RdCym P,,,,,,,[88]Std 1 Snare2,Std.1 Snare2,85Br RdCym P,,,,,,[55]Timpani d#,,TR-909 Snare 2,909 S2  ,,,,,,,,R Swrd Cross,,,
Power Snare2,[88]Dance Snare 1,85St Snare1P,,,,,,Power Snare2,66sn260,66sn260,606 S2  ,R RmS2,66sn260,,,[88]Dance Snare 1,,,,,,,,TR-606 Snare,TR-606 Snare,66sn260,TR-606 Snare,TR-606 Snare,TR-606 Snare,TR-606 Snare,,Std.2 Snare1,85Jz Snare2P,,,,,,,[88]Std 2 Snare1,Std.2 Snare1,85Br Snare2P,,,,,,[55]Timpani e,,,,,,,,,,,R Thrill Hit,,,
Elec Snare 1,[88]Dance Snare 2,85St Tom16 P,,,,,,Elec Snare 1,TR-707 SD   ,TR-707 SD   ,707 S1  ,R RmLTom,TR-707 SD   ,,,[88]Dance Snare 2,,,,,,,,TR-707 Snare,TR-707 Snare,TR-707 SD   ,TR-707 Snare,TR-707 Snare,TR-707 Snare,TR-707 Snare,,Std.2 Snare2,85Jz Tom16 P,,,,,,,[88]Std 2 Snare2,Std.2 Snare2,85Br Tom3 P ,,,,,,[55]Timpani f,,,,,,,,,,,R Audio Sw  ,,,
Dance Snare2,[88]Disco Snare,85St ClsHatP,,,,,,Dance Snare2,808 Snare 1 ,808 Snare 1 ,808 S2  ,R RmCHat,808 Snare 1 ,,,[88]Disco Snare,,,,,,,,[88]TR-808 Snare 1,[88]TR-808 Snare 1,808 Snare 1 ,[88]TR-808 Snare 1,[88]TR-808 Snare 1,[88]TR-808 Snare 1,[88]TR-808 Snare 1,,Tight Snare ,85Jz ClsHatP,,,,,,,[55]Snare Drum 2,Tight Snare ,85BrClsHat P,,,,,,,,,,,,,,,,,R Typing 1  ,,,
Elec Snare 2,[88]Elec Snare 2,85St Tom12 P,,,,,,Elec Snare 2,808 Snare 2 ,808 Snare 2 ,808 S1  ,R RmMTom,808 Snare 2 ,,,[88]Elec Snare 2,,,,,,,,[88]TR-808 Snare 2,[88]TR-808 Snare 2,808 Snare 2 ,[88]TR-808 Snare 2,[88]TR-808 Snare 2,[88]TR-808 Snare 2,[88]TR-808 Snare 2,,Standard SN1,85Jz Tom13 P,,,,,,,Standard 1 Snare 1,Standard SN1,85Br Tom2 P ,,,,,,,,,,,,,,,,,R Typing 2  ,,,
Elec. Snare ,[55]Elec Snare ,85St RdBellP,,,,,,Elec. Snare ,TR-808 SD2  ,TR-808 SD2  ,808 S2  ,R RmRBel,TR-808 SD2  ,,,[55]Elec Snare,,,,,,,,TR-808 Snare 2,TR-808 Snare 2,TR-808 SD2  ,TR-808 Snare 2,TR-808 Snare 2,TR-808 Snare 2,TR-808 Snare 2,,LD Snare M  ,85Jz RdBellP,,,,,,,Standard 1 Snare 2,LD Snare M  ,85Br RdBellP,,,,,,,,,,,,,,,,,R Typing 3  ,,,
Elec Snare 3,[88]Elec Snare 3,85St Tom10 P,,,,,,Elec Snare 3,909 Snare 1 ,909 Snare 1 ,909 S1  ,R RmHTom,909 Snare 1 ,,,[88]Elec Snare 3,,,,,,,,[88]TR-909 Snare 1,[88]TR-909 Snare 1,909 Snare 1 ,[88]TR-909 Snare 1,[88]TR-909 Snare 1,[88]TR-909 Snare 1,[88]TR-909 Snare 1,,LD Snare C  ,85Jz Tom12 P,,,,,,,Standard Snare 3,LD Snare C  ,85Br Tom1 P ,,,,,,,,,,,,,,,,,R Typing 4  ,,,
TR-707 SD   ,TR-707 Snare,85StOpenHatP,,,,,,TR-707 SD   ,909 Snare 2 ,909 Snare 2 ,909 S2  ,R RmOHat,909 Snare 2 ,,,TR-707 Snare,,,,,,,,[88]TR-909 Snare 2,[88]TR-909 Snare 2,909 Snare 2 ,[88]TR-909 Snare 2,[88]TR-909 Snare 2,[88]TR-909 Snare 2,[88]TR-909 Snare 2,,Room Snare 1,85JzOpenHatP,,,,,,,[88]Room Snare 1,Room Snare 1,85BrOpenHatP,,,,,,,,,,,,,,,,,R Typing 5  ,,,
808 Snare 1 ,[88]TR-808 Snare 1 ,,,,,,,808 Snare 1 ,909 SD 1,909 SD 1,909 S1  ,,909 SD 1,,,[88]TR-808 Snare 1,,,,,,,,TR-909 Snare 1,TR-909 Snare 1,909 SD 1,TR-909 Snare 1,TR-909 Snare 1,TR-909 Snare 1,TR-909 Snare 1,,Room Snare 2,,,,,,,,[88]Room Snare 2,Room Snare 2,,,,,,,,,,,,,,,,,,R Typing 6  ,,,
808 Snare 2 ,[88]TR-808 Snare 2 ,,,,,,,808 Snare 2 ,TR-909 SD2  ,TR-909 SD2  ,909 S2  ,,TR-909 SD2  ,,,[88]TR-808 Snare 2,,,,,,,,TR-909 Snare 2,TR-909 Snare 2,TR-909 SD2  ,TR-909 Snare 2,TR-909 Snare 2,TR-909 Snare 2,TR-909 Snare 2,,Dance Snare1,,,,,,,,[88]Power Snare 1,Dance Snare1,,,,,,,,,,,,,,,,,,,,,
909 Snare 1 ,[88]TR-909 Snare 1 ,,,,,,,909 Snare 1 ,Rap Snare   ,Rap Snare   ,RapSnare,,Rap Snare   ,,,[88]TR-909 Snare 1,,,,,,,,Rap Snare,Rap Snare,Rap Snare   ,Rap Snare,Rap Snare,Rap Snare,Rap Snare,,Power Snare1,,,,,,,,[88]Power Snare 2,Power Snare1,,,,,,,,,,,,,,,,,,,,,
909 Snare 2 ,[88]TR-909 Snare 2 ,,,,,,,909 Snare 2 ,JungleSD1,JungleSD1,JungleSD,,JungleSD1,,,[88]TR-909 Snare 2,,,,,,,,Jungle Snare 1,Jungle Snare 1,JungleSD1,Jungle Snare 1,Jungle Snare 1,Jungle Snare 1,Jungle Snare 1,,Rev.Snare,,,,,,,,[88]Gated Snare,Rev.Snare,,,,,,,,,,,,,,,,,,,,,
Rap Snare   ,Rap Snare,,,,,,,Rap Snare   ,House SD    ,House SD    ,House S1,,House SD    ,,,Rap Snare,,,,,,,,House Snare 1,House Snare 1,House SD    ,House Snare 1,House Snare 1,House Snare 1,House Snare 1,,Power Snare2,,,,,,,,[88]Dance Snare 1,Power Snare2,,,,,,,,,,,,,,,,,,,,,
JungleSD1,Jungle Snare 1,,,,,,,JungleSD1,House Snare ,House Snare ,House S ,,House Snare ,,,Jungle Snare 1,,,,,,,,[88]House Snare,[88]House Snare,House Snare ,[88]House Snare,[88]House Snare,[88]House Snare ,[88]House Snare ,,Elec Snare 1,,,,,,,,[88]Dance Snare 2,Elec Snare 1,,,,,,,,,,,,,,,,,,,,,
House SD    ,House Snare 1,,,,,,,House SD    ,House SD    ,House SD    ,House S2,,House SD    ,,,House Snare 1,,,,,,,,House Snare 2,House Snare 2,House SD    ,House Snare 2,House Snare 2,House Snare 2,House Snare 2,,Dance Snare2,,,,,,,,[88]Disco Snare,Dance Snare2,,,,,,,,,,,,,,,,,,,,,
House Snare ,[88]House Snare,,,,,,,House Snare ,Voice Tah   ,Voice Tah   ,VoiceTah,,Voice Tah   ,,,[88]House Snare,,,,,,,,Voice Tah,Voice Tah,Voice Tah   ,Voice Tah,Voice Tah,Voice Tah,Voice Tah,,Elec Snare 2,,,,,,,,[88]Elec Snare 2,Elec Snare 2,,,,,,,,,,,,,,,,,,,,,
House SD    ,House Snare 2,,,,,,,House SD    ,Noise Slap  ,Noise Slap  ,Slappy  ,,Noise Slap  ,,,House Snare 2,,,,,,,,[88]Slappy,[88]Slappy,Noise Slap  ,[88]Slappy,[88]Slappy,[88]Slappy,[88]Slappy,,Elec Snare 3,,,,,,,,[88]Elec Snare 3,Elec Snare 3,,,,,,,,,,,,,,,,,,,,,
